{"version":1,"author":"VINT64","image_name":"01.jpg","image_width":500,"image_height":375,"layers":[{"layer_name":"eng_translation","comments":[{"x1":15,"y1":15,"x2":200,"y2":200,"text":"Comment 1"},{"x1":300,"y1":300,"x2":360,"y2":360,"text":"Comment 2"},{"x1":87,"y1":142,"x2":151,"y2":239,"text":"Comment 3"}]},{"layer_name":"ru_translation","comments":[{"x1":150,"y1":15,"x2":200,"y2":200,"text":"Коммент 1"},{"x1":30,"y1":30,"x2":360,"y2":360,"text":"Коммент 2"},{"x1":13,"y1":102,"x2":120,"y2":202,"text":"Коммент 3"}]}]}